<?xml version="1.0" encoding="UTF-8"?>
<root>
  <item name="com.anachat.chatsdk.uimodule.utils.DotProgressBar void changeAnimationDirection(int) 0">
    <annotation name="android.support.annotation.IntDef">
      <val name="value" val="{com.anachat.chatsdk.uimodule.utils.DotProgressBar.RIGHT_DIRECTION, com.anachat.chatsdk.uimodule.utils.DotProgressBar.LEFT_DIRECTION}" />
    </annotation>
  </item>
  <item name="com.anachat.chatsdk.uimodule.utils.DotProgressBar.AnimationDirection">
    <annotation name="android.support.annotation.IntDef">
      <val name="value" val="{com.anachat.chatsdk.uimodule.utils.DotProgressBar.RIGHT_DIRECTION, com.anachat.chatsdk.uimodule.utils.DotProgressBar.LEFT_DIRECTION}" />
    </annotation>
  </item>
</root>

